-- Usuarios --
INSERT INTO usuarios (user_id,nombre,correo) 
VALUES (1,'Pris','probertazzi0@boston.com');
INSERT INTO usuarios (user_id,nombre,correo) 
VALUES (2,'Reamonn','rnelthrop1@vinaora.com');
INSERT INTO usuarios (user_id,nombre,correo) 
VALUES (3,'Erminie','econnechy2@oakley.com');
INSERT INTO usuarios (user_id,nombre,correo) 
VALUES (4,'Skye','sabdy3@com.com');
INSERT INTO usuarios (user_id,nombre,correo) 
VALUES (5,'Desiri','ddevas4@google.com.br');
INSERT INTO usuarios (user_id,nombre,correo) 
VALUES (6,'Tilda','tsonner5@posterous.co');
INSERT INTO usuarios (user_id,nombre,correo) 
VALUES (7,'Mac','mkupisz6@house.gov');
INSERT INTO usuarios (user_id,nombre,correo) 
VALUES (8,'Scotty','sromagnosi7@prlog.org');
INSERT INTO usuarios (user_id,nombre,correo) 
VALUES (9,'Alonso','abotte8@miitbeian.gov.c');
INSERT INTO usuarios (user_id,nombre,correo) 
VALUES (10,'Powell','pknight9@mysql.com');
INSERT INTO usuarios (user_id,nombre,correo) 
VALUES (11,'Manda','mmackroa@about.m');
INSERT INTO usuarios (user_id,nombre,correo) 
VALUES (12,'Ingelbert','icornfieldb@deliciousdays.com');
INSERT INTO usuarios (user_id,nombre,correo) 
VALUES (13,'Blair','blacasac@oaic.gov.a');
INSERT INTO usuarios (user_id,nombre,correo) 
VALUES (14,'Sidonia','sistond@ehow.c');
INSERT INTO usuarios (user_id,nombre,correo) 
VALUES (15,'Ruddy','rbuggye@furl.net');
INSERT INTO usuarios (user_id,nombre,correo) 
VALUES (16,'Gail','gbachmanf@si.e');
INSERT INTO usuarios (user_id,nombre,correo) 
VALUES (17,'Maxi','msteelg@exblog.j');
INSERT INTO usuarios (user_id,nombre,correo) 
VALUES (18,'Frederique','fchassonh@vkontakte.r');
INSERT INTO usuarios (user_id,nombre,correo) 
VALUES (19,'Philippine','pwalshi@boston.com');
INSERT INTO usuarios (user_id,nombre,correo) 
VALUES (20,'Karrie','kbahdej@booking.com');
INSERT INTO usuarios (user_id,nombre,correo) 
VALUES (21,'Cissiee','chaffnerk@uiuc.ed');
INSERT INTO usuarios (user_id,nombre,correo) 
VALUES (22,'Gunther','gblackboroughl@liveinternet');
INSERT INTO usuarios (user_id,nombre,correo) 
VALUES (23,'Dillon','dshiersm@twitter.co');
INSERT INTO usuarios (user_id,nombre,correo) 
VALUES (24,'Darn','dmarklundn@acquirethisname.co');
INSERT INTO usuarios (user_id,nombre,correo) 
VALUES (25,'Rickie','rcastanao@spiegel.de');

-- Ventas --
INSERT INTO ventas (nombre_objeto,Fecha,User_id)
VALUES ('Batman: El regreso del caballero oscuro','5-5-2021',1);
INSERT INTO ventas (nombre_objeto,Fecha,User_id)
VALUES ('Adolf','4-10-2021',2);
INSERT INTO ventas (nombre_objeto,Fecha,User_id)
VALUES ('Hellblazer: Hábitos peligrosos','11-5-2020',3);
INSERT INTO ventas (nombre_objeto,Fecha,User_id)
VALUES ('Tintín: El secreto del unicornio','6-4-2021',4);
INSERT INTO ventas (nombre_objeto,Fecha,User_id)
VALUES ('Predicador','5-2-2021',5);
INSERT INTO ventas (nombre_objeto,Fecha,User_id)
VALUES ('Odio','5-2-2021',6);
INSERT INTO ventas (nombre_objeto,Fecha,User_id)
VALUES ('The Sandman','4-10-2021',7);
INSERT INTO ventas (nombre_objeto,Fecha,User_id)
VALUES ('Nausicaä','10-10-2020',8);
INSERT INTO ventas (nombre_objeto,Fecha,User_id)
VALUES ('Spiderman: La última cacería de Kraven','11-5-2020',9);
INSERT INTO ventas (nombre_objeto,Fecha,User_id)
VALUES ('Agujero Negro','9-10-2021',10);
INSERT INTO ventas (nombre_objeto,Fecha,User_id)
VALUES ('Machamp','12-2--2020',11);
INSERT INTO ventas (nombre_objeto,Fecha,User_id)
VALUES ('Charizard Brillante','12-10-2020',12);
INSERT INTO ventas (nombre_objeto,Fecha,User_id)
VALUES ('Charizard','12-2-2020',13);
INSERT INTO ventas (nombre_objeto,Fecha,User_id)
VALUES ('Raichu de Pre-lanzamiento','4-10-2021',14);
INSERT INTO ventas (nombre_objeto,Fecha,User_id)
VALUES ('Black Star carta Ishihara GX ','5-2-2021',15);
INSERT INTO ventas (nombre_objeto,Fecha,User_id)
VALUES ('Rayquaza Gold Star Holo Card','5-2-2021',16);
INSERT INTO ventas (nombre_objeto,Fecha,User_id)
VALUES ('Pikachu Illustrator','11-10-020',17);
INSERT INTO ventas (nombre_objeto,Fecha,User_id)
VALUES ('Scratch the Cat','10-2-2020',18);
INSERT INTO ventas (nombre_objeto,Fecha,User_id)
VALUES ('8-back 1981 Skeleto','5-2-2021',19);
INSERT INTO ventas (nombre_objeto,Fecha,User_id)
VALUES ('Transformers Jetfire Super Valkyrie Fighter','5-2-2021',20);
INSERT INTO ventas (nombre_objeto,Fecha,User_id)
VALUES ('He-Man with Battle Cat Set ','4-10-2021',21);
INSERT INTO ventas (nombre_objeto,Fecha,User_id)
VALUES ('Mego Elastic Batman','2-10-2021',22);
INSERT INTO ventas (nombre_objeto,Fecha,User_id)
VALUES ('Vinyl Cape Jawa','9-2-2021',23);
INSERT INTO ventas (nombre_objeto,Fecha,User_id)
VALUES ('Prototipo Boba Fett','11-2-2020',24);
INSERT INTO ventas (nombre_objeto,Fecha,User_id)
VALUES ('Prototipo G.I. Joe','5-2-2021',25);

-- Compras --
INSERT INTO compras (nombre_objeto,Fecha,User_id)
VALUES ('Batman: El regreso del caballero oscuro','5-5-2021',1);
INSERT INTO compras (nombre_objeto,Fecha,User_id)
VALUES ('Adolf','4-10-2021',2);
INSERT INTO compras (nombre_objeto,Fecha,User_id)
VALUES ('Hellblazer: Hábitos peligrosos','11-5-2020',3);
INSERT INTO compras (nombre_objeto,Fecha,User_id)
VALUES ('Tintín: El secreto del unicornio','6-4-2021',4);
INSERT INTO compras (nombre_objeto,Fecha,User_id)
VALUES ('Predicador','5-2-2021',5);
INSERT INTO compras (nombre_objeto,Fecha,User_id)
VALUES ('Odio','5-2-2021',6);
INSERT INTO compras (nombre_objeto,Fecha,User_id)
VALUES ('The Sandman','4-10-2021',7);
INSERT INTO compras (nombre_objeto,Fecha,User_id)
VALUES ('Nausicaä','10-10-2020',8);
INSERT INTO compras (nombre_objeto,Fecha,User_id)
VALUES ('Spiderman: La ultima caceria de Kraven','11-5-2020',9);
INSERT INTO compras (nombre_objeto,Fecha,User_id)
VALUES ('Agujero Negro','9-10-2021',10);
INSERT INTO compras (nombre_objeto,Fecha,User_id)
VALUES ('Machamp','12-2--2020',11);
INSERT INTO compras (nombre_objeto,Fecha,User_id)
VALUES ('Charizard Brillante','12-10-2020',12);
INSERT INTO compras (nombre_objeto,Fecha,User_id)
VALUES ('Charizard','12-2-2020',13);
INSERT INTO compras (nombre_objeto,Fecha,User_id)
VALUES ('Raichu de Pre-lanzamiento','4-10-2021',14);
INSERT INTO compras (nombre_objeto,Fecha,User_id)
VALUES ('Black Star carta Ishihara GX ','5-2-2021',15);
INSERT INTO compras (nombre_objeto,Fecha,User_id)
VALUES ('Rayquaza Gold Star Holo Card','5-2-2021',16);
INSERT INTO compras (nombre_objeto,Fecha,User_id)
VALUES ('Pikachu Illustrator','11-10-020',17);
INSERT INTO compras (nombre_objeto,Fecha,User_id)
VALUES ('Scratch the Cat','10-2-2020',18);
INSERT INTO compras (nombre_objeto,Fecha,User_id)
VALUES ('8-back 1981 Skeleto','5-2-2021',19);
INSERT INTO compras (nombre_objeto,Fecha,User_id)
VALUES ('Transformers Jetfire Super Valkyrie Fighter','5-2-2021',20);
INSERT INTO compras (nombre_objeto,Fecha,User_id)
VALUES ('He-Man with Battle Cat Set ','4-10-2021',21);
INSERT INTO compras (nombre_objeto,Fecha,User_id)
VALUES ('Mego Elastic Batman','2-10-2021',22);
INSERT INTO compras (nombre_objeto,Fecha,User_id)
VALUES ('Vinyl Cape Jawa','9-2-2021',23);
INSERT INTO compras (nombre_objeto,Fecha,User_id)
VALUES ('Prototipo Boba Fett','11-2-2020',24);
INSERT INTO compras (nombre_objeto,Fecha,User_id)
VALUES ('Prototipo G.I. Joe','5-2-2021',25);

-- LineaVentas --
INSERT INTO lineaventas (no_linea, cantidad, precio, nombre_objeto)
VALUES (1, 1, 500, 'Batman: El regreso del caballero oscuro');
INSERT INTO lineaventas (no_linea, cantidad, precio, nombre_objeto)
VALUES (2, 1, 1000, 'Adolf');
INSERT INTO lineaventas (no_linea, cantidad, precio, nombre_objeto)
VALUES (3, 2, 1500, 'Hellblazer: Hábitos peligrosos');
INSERT INTO lineaventas (no_linea, cantidad, precio, nombre_objeto)
VALUES (4, 1, 500, 'Tintín: El secreto del unicornio');
INSERT INTO lineaventas (no_linea, cantidad, precio, nombre_objeto)
VALUES (5, 1, 1000, 'Predicador');
INSERT INTO lineaventas (no_linea, cantidad, precio, nombre_objeto)
VALUES (6, 3, 2000, 'Odio');
INSERT INTO lineaventas (no_linea, cantidad, precio, nombre_objeto)
VALUES (7, 1, 6000, 'The Sandman');
INSERT INTO lineaventas (no_linea, cantidad, precio, nombre_objeto)
VALUES (8, 1, 2000, 'Nausicaä');
INSERT INTO lineaventas (no_linea, cantidad, precio, nombre_objeto)
VALUES (9, 3, 20000, 'Spiderman: La última cacería de Kraven');
INSERT INTO lineaventas (no_linea, cantidad, precio, nombre_objeto)
VALUES (10, 1, 1000, 'Agujero Negro');
INSERT INTO lineaventas (no_linea, cantidad, precio, nombre_objeto)
VALUES (11, 1, 1500, 'Machamp');
INSERT INTO lineaventas (nombre_objeto,Fecha,User_id)
VALUES (12, 1, 5000, 'Charizard Brillante');
INSERT INTO lineaventas (no_linea, cantidad, precio, nombre_objeto)
VALUES (13, 1, 10000, 'Charizard');
INSERT INTO lineaventas (no_linea, cantidad, precio, nombre_objeto)
VALUES (14, 1, 10000, 'Raichu de Pre-lanzamiento');
INSERT INTO lineaventas (no_linea, cantidad, precio, nombre_objeto)
VALUES (15, 1, 13000, 'Black Star carta Ishihara GX ');
INSERT INTO lineaventas (no_linea, cantidad, precio, nombre_objeto)
VALUES (16, 1, 19000, 'Rayquaza Gold Star Holo Card');
INSERT INTO lineaventas (no_linea, cantidad, precio, nombre_objeto)
VALUES (17, 1, 233000, 'Pikachu Illustrator');
INSERT INTO lineaventas (no_linea, cantidad, precio, nombre_objeto)
VALUES (18, 1, 1000, 'Scratch the Cat');
INSERT INTO lineaventas (no_linea, cantidad, precio, nombre_objeto)
VALUES (19, 1, 1500, '8-back 1981 Skeleto');
INSERT INTO lineaventas (no_linea, cantidad, precio, nombre_objeto)
VALUES (20, 1, 2500, 'Transformers Jetfire Super Valkyrie Fighter');
INSERT INTO lineaventas (no_linea, cantidad, precio, nombre_objeto)
VALUES (21, 1, 10000, 'He-Man with Battle Cat Set ');
INSERT INTO lineaventas (no_linea, cantidad, precio, nombre_objeto)
VALUES (22, 1, 15000, 'Mego Elastic Batman');
INSERT INTO lineaventas (no_linea, cantidad, precio, nombre_objeto)
VALUES (23, 1, 20000, 'Vinyl Cape Jawa');
INSERT INTO lineaventas (no_linea, cantidad, precio, nombre_objeto)
VALUES (24, 1, 150000, 'Prototipo Boba Fett');
INSERT INTO lineaventas (no_linea, cantidad, precio, nombre_objeto)
VALUES (25, 1, 200000, 'Prototipo G.I. Joe');

-- LineaCompras --
INSERT INTO lineacompras (no_linea, cantidad, precio, nombre_objeto)
VALUES (1, 1, 500, 'Batman: El regreso del caballero oscuro');
INSERT INTO lineacompras (no_linea, cantidad, precio, nombre_objeto)
VALUES (2, 1, 1000, 'Adolf');
INSERT INTO lineacompras (no_linea, cantidad, precio, nombre_objeto)
VALUES (3, 2, 1500, 'Hellblazer: Hábitos peligrosos');
INSERT INTO lineacompras (no_linea, cantidad, precio, nombre_objeto)
VALUES (4, 1, 500, 'Tintín: El secreto del unicornio');
INSERT INTO lineacompras (no_linea, cantidad, precio, nombre_objeto)
VALUES (5, 1, 1000, 'Predicador');
INSERT INTO lineacompras (no_linea, cantidad, precio, nombre_objeto)
VALUES (6, 3, 2000, 'Odio');
INSERT INTO lineacompras (no_linea, cantidad, precio, nombre_objeto)
VALUES (7, 1, 6000, 'The Sandman');
INSERT INTO lineacompras (no_linea, cantidad, precio, nombre_objeto)
VALUES (8, 1, 2000, 'Nausicaä');
INSERT INTO lineacompras (no_linea, cantidad, precio, nombre_objeto)
VALUES (9, 3, 20000, 'Spiderman: La última cacería de Kraven');
INSERT INTO lineacompras (no_linea, cantidad, precio, nombre_objeto)
VALUES (10, 1, 1000, 'Agujero Negro');
INSERT INTO lineacompras (no_linea, cantidad, precio, nombre_objeto)
VALUES (11, 1, 1500, 'Machamp');
INSERT INTO lineacompras (nombre_objeto,Fecha,User_id)
VALUES (12, 1, 5000, 'Charizard Brillante');
INSERT INTO lineacompras (no_linea, cantidad, precio, nombre_objeto)
VALUES (13, 1, 10000, 'Charizard');
INSERT INTO lineacompras (no_linea, cantidad, precio, nombre_objeto)
VALUES (14, 1, 10000, 'Raichu de Pre-lanzamiento');
INSERT INTO lineacompras (no_linea, cantidad, precio, nombre_objeto)
VALUES (15, 1, 15000, 'Black Star carta Ishihara GX ');
INSERT INTO lineacompras (no_linea, cantidad, precio, nombre_objeto)
VALUES (16, 1, 19000, 'Rayquaza Gold Star Holo Card');
INSERT INTO lineacompras (no_linea, cantidad, precio, nombre_objeto)
VALUES (17, 1, 230000, 'Pikachu Illustrator');
INSERT INTO lineacompras (no_linea, cantidad, precio, nombre_objeto)
VALUES (18, 1, 1000, 'Scratch the Cat');
INSERT INTO lineacompras (no_linea, cantidad, precio, nombre_objeto)
VALUES (19, 1, 1500, '8-back 1981 Skeleto');
INSERT INTO lineacompras (no_linea, cantidad, precio, nombre_objeto)
VALUES (20, 1, 2500, 'Transformers Jetfire Super Valkyrie Fighter');
INSERT INTO lineacompras (no_linea, cantidad, precio, nombre_objeto)
VALUES (21, 1, 10000, 'He-Man with Battle Cat Set ');
INSERT INTO lineacompras (no_linea, cantidad, precio, nombre_objeto)
VALUES (22, 1, 15000, 'Mego Elastic Batman');
INSERT INTO lineacompras (no_linea, cantidad, precio, nombre_objeto)
VALUES (23, 1, 20000, 'Vinyl Cape Jawa');
INSERT INTO lineacompras (no_linea, cantidad, precio, nombre_objeto)
VALUES (24, 1, 150000, 'Prototipo Boba Fett');
INSERT INTO lineacompras (no_linea, cantidad, precio, nombre_objeto)
VALUES (25, 1, 200000, 'Prototipo G.I. Joe');
-- ObjetosdeColeccion --
INSERT INTO objetosdecoleccion (id, nombre, anofabricacion, tipo, disponibilidad, rareza, valor, lineaventa, lineacompra)
VALUES (1,'Batman: El regreso del caballero oscuro', NULL, 'C', 1, 'A', 500, 1, 1);
INSERT INTO objetosdecoleccion (id, nombre, anofabricacion, tipo, disponibilidad, rareza, valor, lineaventa, lineacompra)
VALUES (2, 'Adolf', NULL, 'C', 'A', 1000, 1, 2, 2);
INSERT INTO objetosdecoleccion (id, nombre, anofabricacion, tipo, disponibilidad, rareza, valor, lineaventa, lineacompra)
VALUES (3, 'Hellblazer: Hábitos peligrosos', NULL, 'C', 2, 'A', 1500, 3, 3);
INSERT INTO objetosdecoleccion (id, nombre, anofabricacion, tipo, disponibilidad, rareza, valor, lineaventa, lineacompra)
VALUES (4, 'Tintín: El secreto del unicornio', NULL, 'C', 1, 'A', 500, 4, 4);
INSERT INTO objetosdecoleccion (id, nombre, anofabricacion, tipo, disponibilidad, rareza, valor, lineaventa, lineacompra)
VALUES (5, 'Predicador', NULL, 'C', 1, 'A', 1000, 5, 5);
INSERT INTO objetosdecoleccion (id, nombre, anofabricacion, tipo, disponibilidad, rareza, valor, lineaventa, lineacompra)
VALUES (6, 'Odio', NULL, 'C', 3, 'A', 2000, 6, 6);
INSERT INTO objetosdecoleccion (id, nombre, anofabricacion, tipo, disponibilidad, rareza, valor, lineaventa, lineacompra)
VALUES (7, 'The Sandman', NULL, 'C', 1, 'A', 6000, 7, 7);
INSERT INTO objetosdecoleccion (id, nombre, anofabricacion, tipo, disponibilidad, rareza, valor, lineaventa, lineacompra)
VALUES (8, 'Nausicaä', NULL, 'C', 1, 'A', 2000, 8, 8);
INSERT INTO lineacompras (id, nombre, anofabricacion, tipo, disponibilidad, rareza, valor, lineaventa, lineacompra)
VALUES (9, 'Spiderman: La última cacería de Kraven', NULL, 'C', 3, 'A', 20000, 9, 9);
INSERT INTO objetosdecoleccion (id, nombre, anofabricacion, tipo, disponibilidad, rareza, valor, lineaventa, lineacompra)
VALUES (10, 'Agujero Negro', NULL, 'C', 1, 'A', 1000, 10, 10);
INSERT INTO objetosdecoleccion (id, nombre, anofabricacion, tipo, disponibilidad, rareza, valor, lineaventa, lineacompra)
VALUES (11, 'Machamp', NULL, 'T', 1, 'UA', 1500, 11, 11);
INSERT INTO objetosdecoleccion (id, nombre, anofabricacion, tipo, disponibilidad, rareza, valor, lineaventa, lineacompra) 
VALUES (12, 'Charizard Brillante', NULL, 'T', 1, 'A', 5000, 12, 12);
INSERT INTO objetosdecoleccion (id, nombre, anofabricacion, tipo, disponibilidad, rareza, valor, lineaventa, lineacompra)
VALUES (13, 'Charizard', NULL, 'T', 1, 'UAF', 10000, 13, 13);
INSERT INTO objetosdecoleccion (id, nombre, anofabricacion, tipo, disponibilidad, rareza, valor, lineaventa, lineacompra)
VALUES (14, 'Raichu de Pre-lanzamiento', NULL, 'T', 1, 'PA', 15000, 14, 14);
INSERT INTO objetosdecoleccion (id, nombre, anofabricacion, tipo, disponibilidad, rareza, valor, lineaventa, lineacompra)
VALUES (15, 'Black Star carta Ishihara GX ', NULL, 'T', 1, 'LA', 15000, 15, 15);
INSERT INTO objetosdecoleccion (id, nombre, anofabricacion, tipo, disponibilidad, rareza, valor, lineaventa, lineacompra)
VALUES (16, 'Rayquaza Gold Star Holo Card'), NULL, 'T', 1, 'LA', 19000, 16, 16;
INSERT INTO objetosdecoleccion (id, nombre, anofabricacion, tipo, disponibilidad, rareza, valor, lineaventa, lineacompra)
VALUES (17, 'Pikachu Illustrator', NULL, 'T', 1, 'UA', 230000, 17, 17);
INSERT INTO objetosdecoleccion (id, nombre, anofabricacion, tipo, disponibilidad, rareza, valor, lineaventa, lineacompra)
VALUES (18, 'Golden ticket: la fábrica de chocolate', NULL, 'F', 1, 'U', 1000, 18, 18);
INSERT INTO objetosdecoleccion (id, nombre, anofabricacion, tipo, disponibilidad, rareza, valor, lineaventa, lineacompra)
VALUES (19, 'Disney, Monster Inc: Sullivan', NULL, 'F', 1, 'U', 1500, 19, 19);
INSERT INTO objetosdecoleccion (id, nombre, anofabricacion, tipo, disponibilidad, rareza, valor, lineaventa, lineacompra)
VALUES (20, 'Transformers Jetfire Super Valkyrie Fighter', NULL, 'F', 1, 'L', 2500, 20, 20);
INSERT INTO objetosdecoleccion (id, nombre, anofabricacion, tipo, disponibilidad, rareza, valor, lineaventa, lineacompra)
VALUES (21, 'He-Man with Battle Cat Set ', NULL, 'F', 1, 'U', 10000, 21, 21);
INSERT INTO objetosdecoleccion (id, nombre, anofabricacion, tipo, disponibilidad, rareza, valor, lineaventa, lineacompra)
VALUES (22, 'Mego Elastic Batman', NULL, 'F', 1, 'U', 15000, 22, 22);
INSERT INTO objetosdecoleccion (id, nombre, anofabricacion, tipo, disponibilidad, rareza, valor, lineaventa, lineacompra)
VALUES (23, 'Vinyl Cape Jawa', NULL, 'F', 1, 'U', 20000, 23, 23);
INSERT INTO objetosdecoleccion (id, nombre, anofabricacion, tipo, disponibilidad, rareza, valor, lineaventa, lineacompra)
VALUES (24, 'Prototipo Boba Fett', NULL, 'F', 1, 'U', 150000, 24, 24);
INSERT INTO objetosdecoleccion (id, nombre, anofabricacion, tipo, disponibilidad, rareza, valor, lineaventa, lineacompra)
VALUES (25, 'Prototipo G.I. Joe', NULL, 'F', 1, 'U', 200000, 25, 25);

-- Cartas --
INSERT INTO cartas (deck, arte, objeto_id)
VALUES (NULL, 'R', 11);
INSERT INTO cartas (deck, arte, objeto_id)
VALUES (NULL, 'H', 12);
INSERT INTO cartas (deck, arte, objeto_id)
VALUES ('FIRST EDITION', 'H', 13);
INSERT INTO cartas (deck, arte, objeto_id)
VALUES (NULL, 'H', 14);
INSERT INTO cartas (deck, arte, objeto_id)
VALUES (NULL, 'F', 15);
INSERT INTO cartas (deck, arte, objeto_id)
VALUES (NULL, 'H', 16);
INSERT INTO cartas (deck, arte, objeto_id)
VALUES ('CONCURSO POKEMON TOURNAMENT', 'N', 17);
-- Comics --
INSERT INTO comics (autor, editorial, objeto_id)
VALUES ('Frank Miller', 'DC Comics', 1);
INSERT INTO comics (autor, editorial, objeto_id)
VALUES ('Osamu Tezuka', 'Planeta Deagostini', 2);
INSERT INTO comics (autor, editorial, objeto_id)
VALUES ('Alan Moore', 'DC Comics', 3);
INSERT INTO comics (autor, editorial, objeto_id)
VALUES ('Hergé', 'Editorial Juventud', 4);
INSERT INTO comics (autor, editorial, objeto_id)
VALUES ('Garth Ennis', 'Vertigo', 5);
INSERT INTO comics (autor, editorial, objeto_id)
VALUES ('Peter Bagge', 'HAte Annual', 6);
INSERT INTO comics (autor, editorial, objeto_id)
VALUES ('Neil Gaiman', 'Vertigo', 7);
INSERT INTO comics (autor, editorial, objeto_id)
VALUES ('Hayao Miyazaki', 'Planeta Deagostini', 8);
INSERT INTO comics (autor, editorial, objeto_id)
VALUES ('J.M. DeMatties y Mike Zeck', 'Marvel Comics', 9);
INSERT INTO comics (autor, editorial, objeto_id)
VALUES ('Charles Burns', 'Ediciones LA Cúpula', 10);

-- FigurasdeColeccion --
INSERT INTO figurasdecoleccion (referencia, estilo, objeto_id)
VALUES ('Charlie y la fabrica de chocolate', 'F', 18);
INSERT INTO figurasdecoleccion (referencia, estilo, objeto_id)
VALUES ('Monster INC', 'F', 19);
INSERT INTO figurasdecoleccion (referencia, estilo, objeto_id)
VALUES ('1982 Super Dimension Fortress Macross', 'E', 20);
INSERT INTO figurasdecoleccion (referencia, estilo, objeto_id)
VALUES ('He-Man', 'H', 21);
INSERT INTO figurasdecoleccion (referencia, estilo, objeto_id)
VALUES ('Batman', 'G', 22);
INSERT INTO figurasdecoleccion (referencia, estilo, objeto_id)
VALUES ('Star Wars: A New Hope', 'E', 23);
INSERT INTO figurasdecoleccion (referencia, estilo, objeto_id)
VALUES ('Star Wars', 'G', 24);
INSERT INTO figurasdecoleccion (referencia, estilo, objeto_id)
VALUES ('G.I. Joe', 'G', 25);

-- Telefonos --
INSERT INTO telefonos (numero, user_id)
VALUES (+63-857-442-4752, 1);
INSERT INTO telefonos (numero, user_id)
VALUES (+86-342-776-9039, 2);
INSERT INTO telefonos (numero, user_id)
VALUES (+86-705-800-8959, 3);
INSERT INTO telefonos (numero, user_id)
VALUES (+86-705-176-4804, 4);
INSERT INTO telefonos (numero, user_id)
VALUES (+62-693-575-7057, 5);
INSERT INTO telefonos (numero, user_id)
VALUES (+86-295-676-6165, 6);
INSERT INTO telefonos (numero, user_id)
VALUES (+351-472-923-1646, 7);
INSERT INTO telefonos (numero, user_id)
VALUES (+961-919-683-8680, 8);
INSERT INTO telefonos (numero, user_id)
VALUES (+62-534-194-2906, 9);
INSERT INTO telefonos (numero, user_id)
VALUES (+351-786-776-4140, 10);
INSERT INTO telefonos (numero, user_id)
VALUES (+84-557-600-2906, 11);
INSERT INTO telefonos (numero, user_id)
VALUES (+420-520-268-0155, 12);
INSERT INTO telefonos (numero, user_id)
VALUES (+86-851-487-4909, 13);
INSERT INTO telefonos (numero, user_id)
VALUES (+1-149-636-9828, 14);
INSERT INTO telefonos (numero, user_id)
VALUES (+375-308-490-4055, 15);
INSERT INTO telefonos (numero, user_id)
VALUES (+7-455-572-2713, 16);
INSERT INTO telefonos (numero, user_id)
VALUES (+48-524-371-2283, 17);
INSERT INTO telefonos (numero, user_id)
VALUES (+55-133-794-3073, 18);
INSERT INTO telefonos (numero, user_id)
VALUES (+269-107-714-2071, 19);
INSERT INTO telefonos (numero, user_id)
VALUES (+353-678-335-7323, 20);
INSERT INTO telefonos (numero, user_id)
VALUES (+86-491-246-7316, 21);
INSERT INTO telefonos (numero, user_id)
VALUES (+1-250-941-4776, 22);
INSERT INTO telefonos (numero, user_id)
VALUES (+63-817-431-0182, 23);
INSERT INTO telefonos (numero, user_id)
VALUES (+63-401-288-8018, 24);
INSERT INTO telefonos (numero, user_id)
VALUES (+386-179-126-0741, 25);